case,opcode,microclocks,memory_beats,spi_clocks,spi_transactions
0,075000,249,7,0,0
37,075000,335,7,0,0
74,075000,265,7,0,0
111,075000,347,7,0,0
148,075000,342,7,0,0
185,075000,335,7,0,0
222,075000,352,7,0,0
259,075000,347,7,0,0
296,075000,485,7,0,0
333,075000,256,7,0,0
370,075000,496,7,0,0
407,075000,357,7,0,0
444,075000,339,7,0,0
481,075000,352,7,0,0
518,075000,496,7,0,0
555,075000,367,7,0,0
592,075010,338,7,0,0
629,075010,354,7,0,0
666,075010,353,7,0,0
703,075010,325,7,0,0
740,075010,331,7,0,0
777,075010,356,7,0,0
814,075010,492,7,0,0
851,075010,271,7,0,0
888,075010,339,7,0,0
925,075010,487,7,0,0
962,075010,354,7,0,0
999,075010,362,7,0,0
1036,075010,341,7,0,0
1073,075010,347,7,0,0
1110,075010,363,7,0,0
1147,075010,357,9,0,0
1184,075020,224,7,0,0
1221,075020,230,7,0,0
1258,075020,539,9,0,0
1295,075020,563,7,0,0
1332,075020,544,7,0,0
1369,075020,228,7,0,0
1406,075020,558,7,0,0
1443,075020,242,7,0,0
1480,075020,544,7,0,0
1517,075020,591,7,0,0
1554,075020,559,7,0,0
1591,075020,610,7,0,0
1628,075020,593,7,0,0
1665,075020,553,7,0,0
1702,075020,564,7,0,0
1739,075030,242,7,0,0
1776,075030,250,9,0,0
1813,075030,229,7,0,0
1850,075030,266,9,0,0
1887,075030,703,7,0,0
1924,075030,684,7,0,0
1961,075030,670,9,0,0
1998,075030,697,7,0,0
2035,075030,709,7,0,0
2072,075030,684,7,0,0
2109,075030,694,7,0,0
2146,075030,679,9,0,0
2183,075030,707,7,0,0
2220,075030,688,7,0,0
2257,075030,260,9,0,0
2294,075030,699,7,0,0
2331,075010,369,7,0,0
2368,075000,349,7,0,0
2405,075010,371,7,0,0
2442,075000,502,7,0,0
2479,075010,392,7,0,0
2516,075000,494,7,0,0
2553,075010,363,7,0,0
2590,075000,508,7,0,0
2627,075010,375,7,0,0
2664,075000,485,7,0,0
2701,075010,364,7,0,0
2738,075000,496,7,0,0
2775,075010,517,7,0,0
2812,075000,364,7,0,0
2849,075010,488,7,0,0
2886,075000,374,7,0,0
2923,075010,376,7,0,0
2960,075000,485,7,0,0
2997,075010,508,7,0,0
3034,075000,547,7,0,0
3071,075010,370,7,0,0
3108,075000,364,7,0,0
3145,075010,488,7,0,0
3182,075000,511,7,0,0
3219,075010,537,7,0,0
3256,075000,521,7,0,0
3293,075010,357,7,0,0
3330,075000,369,7,0,0
3367,075010,511,7,0,0
3404,075000,494,7,0,0
3441,075010,524,7,0,0
3478,075000,547,7,0,0
3515,075010,359,7,0,0
3552,075000,353,7,0,0
3589,075010,496,7,0,0
3626,075000,516,7,0,0
3663,075010,555,7,0,0
3700,075000,347,7,0,0
3737,075010,347,7,0,0
3774,075000,379,7,0,0
3811,075010,501,7,0,0
3848,075000,492,7,0,0
3885,075010,535,7,0,0
3922,075000,356,7,0,0
3959,075010,369,7,0,0
3996,075000,364,7,0,0
4033,075010,495,7,0,0
4070,075000,519,7,0,0
4107,075010,544,7,0,0
4144,075000,338,7,0,0
4181,075010,367,7,0,0
4218,075000,376,7,0,0
4255,075010,523,7,0,0
4292,075000,506,7,0,0
4329,075010,539,7,0,0
4366,075000,364,7,0,0
4403,075010,369,7,0,0
4440,075000,480,7,0,0
4477,075010,504,7,0,0
4514,075000,531,7,0,0
4551,075010,553,7,0,0
4588,075000,348,7,0,0
4625,075010,363,7,0,0
4662,075000,508,7,0,0
4699,075010,509,7,0,0
4736,075000,516,7,0,0
4773,075010,540,7,0,0
4810,075000,355,7,0,0
4847,075010,523,7,0,0
4884,075000,494,7,0,0
4921,075010,508,7,0,0
4958,075000,542,7,0,0
4995,075010,360,7,0,0
5032,075000,338,7,0,0
5069,075010,372,7,0,0
5106,075000,502,7,0,0
5143,075010,524,7,0,0
5180,075000,525,7,0,0
5217,075010,345,7,0,0
5254,075000,363,7,0,0
5291,075010,361,9,0,0
5328,075000,466,9,0,0
5365,075010,509,7,0,0
5402,075000,539,7,0,0
5439,075010,370,7,0,0
5476,075000,328,7,0,0
5513,075010,368,7,0,0
5550,075020,571,7,0,0
5587,075030,713,7,0,0
5624,075000,452,7,0,0
5661,075010,359,7,0,0
5698,075020,584,7,0,0
5735,075030,713,7,0,0
5772,075000,453,7,0,0
5809,075010,363,7,0,0
5846,075020,583,7,0,0
5883,075030,703,7,0,0
5920,075000,347,7,0,0
5957,075010,362,7,0,0
5994,075020,558,9,0,0
6031,075030,707,7,0,0
6068,075000,352,7,0,0
6105,075010,372,7,0,0
6142,075020,583,7,0,0
6179,075030,707,7,0,0
6216,075000,341,7,0,0
6253,075010,361,7,0,0
6290,075020,583,7,0,0
6327,075030,709,7,0,0
6364,075000,524,7,0,0
6401,075010,359,7,0,0
6438,075020,554,9,0,0
6475,075030,713,7,0,0
6512,075000,341,7,0,0
6549,075010,356,7,0,0
6586,075020,584,7,0,0
6623,075030,707,7,0,0
6660,075000,350,7,0,0
6697,075010,359,7,0,0
6734,075020,550,9,0,0
6771,075030,703,7,0,0
6808,075000,332,7,0,0
6845,075010,347,7,0,0
6882,075020,587,7,0,0
6919,075030,714,7,0,0
6956,075000,352,7,0,0
6993,075010,420,7,0,0
7030,075020,579,7,0,0
7067,075030,709,7,0,0
7104,075000,339,7,0,0
7141,075010,377,7,0,0
7178,075020,587,7,0,0
7215,075030,713,7,0,0
7252,075000,348,7,0,0
7289,075010,368,7,0,0
7326,075020,579,7,0,0
7363,075030,707,7,0,0
7400,075000,471,7,0,0
7437,075010,361,7,0,0
7474,075020,577,7,0,0
7511,075030,707,7,0,0
7548,075000,347,7,0,0
7585,075010,371,7,0,0
7622,075020,549,9,0,0
7659,075030,707,7,0,0
7696,075000,363,7,0,0
7733,075010,360,7,0,0
7770,075020,554,9,0,0
7807,075030,709,7,0,0
7844,075000,337,7,0,0
7881,075010,369,7,0,0
7918,075020,575,7,0,0
7955,075030,709,7,0,0
7992,075000,328,7,0,0
8029,075010,362,7,0,0
8066,075020,573,7,0,0
8103,075030,713,7,0,0
8140,075000,428,7,0,0
8177,075010,352,7,0,0
8214,075020,575,7,0,0
8251,075030,709,7,0,0
8288,075000,328,7,0,0
8325,075010,363,7,0,0
8362,075020,580,7,0,0
8399,075030,713,7,0,0
8436,075000,337,7,0,0
8473,075010,362,7,0,0
8510,075020,576,7,0,0
8547,075030,713,7,0,0
8584,075000,337,7,0,0
8621,075010,357,7,0,0
8658,075020,559,9,0,0
8695,075030,713,7,0,0
8732,075000,338,7,0,0
8769,075010,368,7,0,0
8806,075020,567,7,0,0
8843,075030,703,7,0,0
8880,075000,337,7,0,0
8917,075010,369,7,0,0
8954,075020,575,7,0,0
8991,075030,713,7,0,0
9028,075000,348,7,0,0
9065,075010,372,7,0,0
9102,075020,578,7,0,0
9139,075030,714,7,0,0
9176,075000,328,7,0,0
9213,075010,348,7,0,0
9250,075020,566,7,0,0
9287,075030,708,7,0,0
9324,075000,341,7,0,0
9361,075010,365,7,0,0
9398,075020,591,7,0,0
9435,075030,713,7,0,0
9472,075000,356,7,0,0
9509,075010,378,7,0,0
9546,075020,559,9,0,0
9583,075000,363,7,0,0
9620,075000,437,11,0,0
9657,075000,447,11,0,0
9694,075000,355,7,0,0
9731,075000,425,11,0,0
9768,075000,322,9,0,0
9805,075000,326,9,0,0
9842,075000,425,11,0,0
9879,075000,347,11,0,0
9916,075010,252,7,0,0
9953,075010,438,11,0,0
9990,075010,447,11,0,0
10027,075010,449,7,0,0
10064,075010,404,11,0,0
10101,075010,328,11,0,0
10138,075010,265,7,0,0
10175,075010,437,11,0,0
10212,075010,318,11,0,0
10249,075020,549,7,0,0
10286,075020,634,11,0,0
10323,075020,647,11,0,0
10360,075020,525,9,0,0
10397,075020,621,11,0,0
10434,075020,579,9,0,0
10471,075020,587,9,0,0
10508,075020,289,11,0,0
10545,075020,297,11,0,0
10582,075030,697,7,0,0
10619,075030,781,11,0,0
10656,075030,761,11,0,0
10693,075030,690,7,0,0
10730,075030,774,11,0,0
10767,075030,783,11,0,0
10804,075030,684,7,0,0
10841,075030,328,13,0,0
10878,075030,265,9,0,0
10915,075001,363,7,0,0
10952,075001,410,11,0,0
10989,075001,446,11,0,0
11026,075001,355,7,0,0
11063,075001,425,11,0,0
11100,075001,394,11,0,0
11137,075001,326,9,0,0
11174,075001,425,11,0,0
11211,075001,347,11,0,0
11248,075011,252,7,0,0
11285,075011,330,11,0,0
11322,075011,447,11,0,0
11359,075011,449,7,0,0
11396,075011,404,11,0,0
11433,075011,414,11,0,0
11470,075011,266,7,0,0
11507,075011,438,11,0,0
11544,075011,318,11,0,0
11581,075011,257,7,0,0
11618,075021,634,11,0,0
11655,075021,647,11,0,0
11692,075021,525,9,0,0
11729,075021,621,11,0,0
11766,075021,631,11,0,0
11803,075021,587,9,0,0
11840,075021,289,11,0,0
11877,075021,297,11,0,0
11914,075021,233,7,0,0
11951,075031,781,11,0,0
11988,075031,761,11,0,0
12025,075031,690,7,0,0
12062,075031,774,11,0,0
12099,075031,783,11,0,0
12136,075031,684,7,0,0
12173,075031,328,13,0,0
12210,075031,265,9,0,0
12247,075031,275,9,0,0
12284,075002,410,11,0,0
12321,075002,446,11,0,0
12358,075002,355,7,0,0
12395,075002,441,11,0,0
12432,075002,394,11,0,0
12469,075002,326,9,0,0
12506,075002,425,11,0,0
12543,075002,435,11,0,0
12580,075002,249,7,0,0
12617,075012,329,11,0,0
12654,075012,447,11,0,0
12691,075012,449,7,0,0
12728,075012,496,11,0,0
12765,075012,414,11,0,0
12802,075012,266,7,0,0
12839,075012,438,11,0,0
12876,075012,406,11,0,0
12913,075012,257,7,0,0
12950,075022,634,11,0,0
12987,075022,647,11,0,0
13024,075022,525,9,0,0
13061,075022,603,13,0,0
13098,075022,633,11,0,0
13135,075022,587,9,0,0
13172,075022,289,11,0,0
13209,075022,299,11,0,0
13246,075022,234,7,0,0
13283,075032,782,11,0,0
13320,075032,761,11,0,0
13357,075032,699,7,0,0
13394,075032,773,11,0,0
13431,075032,783,11,0,0
13468,075032,684,7,0,0
13505,075032,328,13,0,0
13542,075032,265,9,0,0
13579,075032,275,9,0,0
13616,075003,410,11,0,0
13653,075003,446,11,0,0
13690,075003,383,7,0,0
13727,075003,441,11,0,0
13764,075003,394,11,0,0
13801,075003,326,9,0,0
13838,075003,413,13,0,0
13875,075003,435,11,0,0
13912,075003,249,7,0,0
13949,075013,329,11,0,0
13986,075013,447,11,0,0
14023,075013,379,7,0,0
14060,075013,497,11,0,0
14097,075013,415,11,0,0
14134,075013,266,7,0,0
14171,075013,350,11,0,0
14208,075013,406,11,0,0
14245,075013,257,7,0,0
14282,075023,634,11,0,0
14319,075023,643,11,0,0
14356,075023,548,7,0,0
14393,075023,604,13,0,0
14430,075023,633,11,0,0
14467,075023,587,9,0,0
14504,075023,630,13,0,0
14541,075023,298,11,0,0
14578,075023,234,7,0,0
14615,075033,782,11,0,0
14652,075033,750,11,0,0
14689,075033,698,7,0,0
14726,075033,773,11,0,0
14763,075033,783,11,0,0
14800,075033,684,7,0,0
14837,075033,762,11,0,0
14874,075033,263,9,0,0
14911,075033,275,9,0,0
14948,075004,410,11,0,0
14985,075004,418,11,0,0
15022,075004,383,7,0,0
15059,075004,441,11,0,0
15096,075004,394,11,0,0
15133,075004,333,7,0,0
15170,075004,414,13,0,0
15207,075004,435,11,0,0
15244,075004,249,7,0,0
15281,075014,329,11,0,0
15318,075014,339,11,0,0
15355,075014,379,7,0,0
15392,075014,497,11,0,0
15429,075014,415,11,0,0
15466,075014,351,7,0,0
15503,075014,349,11,0,0
15540,075014,406,11,0,0
15577,075014,257,7,0,0
15614,075014,342,11,0,0
15651,075024,643,11,0,0
15688,075024,548,7,0,0
15725,075024,604,13,0,0
15762,075024,633,11,0,0
15799,075024,563,7,0,0
15836,075024,630,13,0,0
15873,075024,298,11,0,0
15910,075024,234,7,0,0
15947,075024,318,11,0,0
15984,075034,750,11,0,0
16021,075034,698,7,0,0
16058,075034,773,11,0,0
16095,075034,783,11,0,0
16132,075034,684,7,0,0
16169,075034,762,11,0,0
16206,075034,263,9,0,0
16243,075034,275,9,0,0
16280,075034,318,13,0,0
16317,075005,418,11,0,0
16354,075005,383,7,0,0
16391,075005,441,11,0,0
16428,075005,410,11,0,0
16465,075005,333,7,0,0
16502,075005,414,13,0,0
16539,075005,435,11,0,0
16576,075005,249,7,0,0
16613,075005,327,11,0,0
16650,075015,341,11,0,0
16687,075015,379,7,0,0
16724,075015,497,11,0,0
16761,075015,507,11,0,0
16798,075015,351,7,0,0
16835,075015,349,11,0,0
16872,075015,406,11,0,0
16909,075015,345,7,0,0
16946,075015,342,11,0,0
16983,075025,643,11,0,0
17020,075025,548,7,0,0
17057,075025,604,13,0,0
17094,075025,541,9,0,0
17131,075025,563,7,0,0
17168,075025,630,13,0,0
17205,075025,298,11,0,0
17242,075025,235,7,0,0
17279,075025,317,11,0,0
17316,075035,750,11,0,0
17353,075035,698,7,0,0
17390,075035,781,11,0,0
17427,075035,783,11,0,0
17464,075035,684,7,0,0
17501,075035,762,11,0,0
17538,075035,263,9,0,0
17575,075035,273,9,0,0
17612,075035,316,13,0,0
17649,075006,418,11,0,0
17686,075006,383,7,0,0
17723,075006,469,11,0,0
17760,075006,410,11,0,0
17797,075006,333,7,0,0
17834,075006,414,13,0,0
17871,075006,347,9,0,0
17908,075006,337,7,0,0
17945,075006,327,11,0,0
17982,075016,341,11,0,0
18019,075016,379,7,0,0
18056,075016,426,11,0,0
18093,075016,506,11,0,0
18130,075016,351,7,0,0
18167,075016,349,11,0,0
18204,075016,318,11,0,0
18241,075016,345,7,0,0
18278,075016,342,11,0,0
18315,075026,643,11,0,0
18352,075026,548,7,0,0
18389,075026,624,11,0,0
18426,075026,541,9,0,0
18463,075026,563,7,0,0
18500,075026,630,13,0,0
18537,075026,568,9,0,0
18574,075026,233,7,0,0
18611,075026,317,11,0,0
18648,075036,750,11,0,0
18685,075036,689,7,0,0
18722,075036,782,11,0,0
18759,075036,783,11,0,0
18796,075036,684,7,0,0
18833,075036,762,11,0,0
18870,075036,771,11,0,0
18907,075036,273,9,0,0
18944,075036,316,13,0,0
18981,075007,418,11,0,0
19018,075007,355,7,0,0
19055,075007,469,11,0,0
19092,075007,410,11,0,0
19129,075007,333,7,0,0
19166,075007,418,11,0,0
19203,075007,347,9,0,0
19240,075007,337,7,0,0
19277,075007,327,11,0,0
19314,075017,341,11,0,0
19351,075017,271,7,0,0
19388,075017,426,11,0,0
19425,075017,506,11,0,0
19462,075017,351,7,0,0
19499,075017,437,11,0,0
19536,075017,318,11,0,0
19573,075017,345,7,0,0
19610,075017,342,11,0,0
19647,075017,351,11,0,0
19684,075027,544,7,0,0
19721,075027,624,11,0,0
19758,075027,541,9,0,0
19795,075027,563,7,0,0
19832,075027,610,11,0,0
19869,075027,568,9,0,0
19906,075027,233,7,0,0
19943,075027,317,11,0,0
19980,075027,286,11,0,0
20017,075037,689,7,0,0
20054,075037,782,11,0,0
20091,075037,783,11,0,0
20128,075037,684,7,0,0
20165,075037,762,11,0,0
20202,075037,771,11,0,0
20239,075037,273,9,0,0
20276,075037,316,13,0,0
20313,075037,254,9,0,0
20350,075000,141,8,0,0
20387,075000,423,10,0,0
20424,075000,97,5,0,0
20461,075010,119,7,0,0
20498,075010,157,9,0,0
20535,075010,447,11,0,0
20572,075020,97,6,0,0
20609,075020,135,8,0,0
20646,075020,609,10,0,0
20683,075030,111,5,0,0
20720,075030,113,7,0,0
20757,075030,151,9,0,0
20794,075001,429,11,0,0
20831,075001,111,6,0,0
20868,075001,129,8,0,0
20905,075011,413,10,0,0
20942,075011,107,5,0,0
20979,075011,129,7,0,0
21016,075021,144,9,0,0
21053,075021,616,11,0,0
21090,075021,107,6,0,0
21127,075031,147,8,0,0
21164,075031,734,10,0,0
21201,075031,102,5,0,0
21238,075002,121,7,0,0
21275,075002,167,9,0,0
21312,075002,413,11,0,0
21349,075012,101,6,0,0
21386,075012,139,8,0,0
21423,075012,431,10,0,0
21460,075022,97,5,0,0
21497,075022,119,7,0,0
21534,075022,157,9,0,0
21571,075032,775,11,0,0
21608,075032,97,6,0,0
21645,075032,135,8,0,0
21682,075003,413,10,0,0
21719,075003,111,5,0,0
21756,075003,113,7,0,0
21793,075013,151,9,0,0
21830,075013,441,11,0,0
21867,075013,111,6,0,0
21904,075023,129,8,0,0
21941,075023,601,10,0,0
21978,075023,107,5,0,0
22015,075033,129,7,0,0
22052,075033,144,9,0,0
22089,075033,756,11,0,0
22126,075004,107,6,0,0
22163,075004,147,8,0,0
22200,075004,398,10,0,0
22237,075014,102,5,0,0
22274,075014,121,7,0,0
22311,075014,167,9,0,0
22348,075024,609,11,0,0
22385,075024,101,6,0,0
22422,075024,139,8,0,0
22459,075034,759,10,0,0
22496,075034,97,5,0,0
22533,075034,119,7,0,0
22570,075005,157,9,0,0
22607,075005,439,11,0,0
22644,075005,97,6,0,0
22681,075015,135,8,0,0
22718,075015,421,10,0,0
22755,075015,111,5,0,0
22792,075025,113,7,0,0
22829,075025,151,9,0,0
22866,075025,629,11,0,0
22903,075035,111,6,0,0
22940,075035,129,8,0,0
22977,075035,741,10,0,0
23014,075006,87,3,0,0
23051,075006,129,7,0,0
23088,075006,144,9,0,0
23125,075016,428,11,0,0
23162,075016,107,6,0,0
23199,075016,147,8,0,0
23236,075026,594,10,0,0
23273,075026,84,3,0,0
23310,075026,123,7,0,0
23347,075036,167,9,0,0
23384,075036,749,11,0,0
23421,075036,101,6,0,0
23458,075007,139,8,0,0
23495,075007,167,9,0,0
23532,075007,398,10,0,0
23569,075017,428,11,0,0
23606,075017,107,6,0,0
23643,075017,129,7,0,0
23680,075027,128,8,0,0
23717,075027,150,9,0,0
23754,075037,749,10,0,0
23791,075037,775,11,0,0
23828,075037,97,6,0,0
