opcode,initial_fps,ack_wait_clocks,core_clocks,memory_beats
00000170100,00000043304,0,1145,185
00000170102,00000043304,0,1145,185
00000170162,00000043304,0,1273,210
00000170172,00000043304,0,1281,213
00000170242,00000043304,0,1364,224
00000170252,00000043304,0,1387,228
00000170322,00000043304,0,1531,248
00000170332,00000043304,0,1554,252
00000170012,00000043304,0,826,138
00000172400,00000003104,0,2144,342
00000172407,00000103704,0,1878,297
00000172407,00000041104,0,1678,260
00000172432,00000103712,0,1779,285
00000172433,00000003104,0,2192,358
00000172462,00000103712,0,1954,316
00000172466,00000003104,0,2137,345
00000172477,00000003104,0,2145,348
00000172500,00000103704,0,2255,359
00000172506,00000003104,0,1851,293
00000172507,00000041704,0,1681,261
00000172511,00000003104,0,2050,331
00000172544,00000103704,0,2282,373
00000172555,00000003104,0,2192,358
00000172600,00000103704,0,2255,359
00000172606,00000003104,0,1851,293
00000172607,00000041704,0,1681,261
00000172611,00000003104,0,2050,331
00000172644,00000103704,0,2282,373
00000172655,00000003104,0,2192,358
00000172700,00000103704,0,2255,359
00000172706,00000003104,0,1851,293
00000172707,00000041704,0,1681,261
00000172711,00000003104,0,2050,331
00000172744,00000103704,0,2282,373
00000172755,00000003104,0,2192,358
00000174000,00000103704,0,1874,292
00000174006,00000003104,0,1875,296
00000174007,00000041704,0,1705,264
00000174011,00000003104,0,1754,277
00000174022,00000003104,0,1873,300
00000174033,00000103704,0,1989,319
00000174042,00000003112,0,1945,311
00000174044,00000003104,0,1873,300
00000174052,00000003112,0,1800,287
00000174066,00000103704,0,1934,306
00000174067,00000003112,0,1940,308
00000174077,00000103704,0,1942,309
00000174077,00000003112,0,1780,283
00000174106,00000103704,0,1878,297
00000174106,00000041104,0,1678,260
00000174111,00000103704,0,1847,292
00000174122,00000003104,0,1873,300
00000174155,00000103704,0,1989,319
00000174166,00000003104,0,1841,291
00000174206,00000103704,0,1878,297
00000174206,00000041104,0,1678,260
00000174211,00000103704,0,1847,292
00000174222,00000003104,0,1873,300
00000174255,00000103704,0,1989,319
00000174266,00000003104,0,1841,291
00000174306,00000103704,0,1878,297
00000174306,00000041104,0,1678,260
00000174311,00000103704,0,1847,292
00000174322,00000003104,0,1873,300
00000174355,00000103704,0,1989,319
00000174366,00000003104,0,1841,291
00000173406,00000103704,0,1830,291
00000173406,00000041104,0,1630,254
00000173411,00000103704,0,2104,347
00000173412,00000003112,0,1840,298
00000173422,00000103704,0,2223,370
00000173422,00000003112,0,1932,315
00000173442,00000103712,0,1935,316
00000173444,00000103704,0,2223,370
00000173452,00000103712,0,1755,282
00000173455,00000003104,0,2276,376
00000173467,00000103712,0,1930,313
00000173472,00000003112,0,1732,277
00000173477,00000103712,0,1735,278
00000173506,00000041704,0,1633,255
00000173507,00000003104,0,1851,293
00000173522,00000103704,0,2312,383
00000173533,00000003104,0,2187,363
00000173566,00000103704,0,2280,374
00000173577,00000003104,0,2140,353
00000173606,00000041704,0,1633,255
00000173607,00000003104,0,1851,293
00000173622,00000103704,0,2223,370
00000173633,00000003104,0,2276,376
00000173666,00000103704,0,2191,361
00000173677,00000003104,0,2229,366
00000173706,00000041704,0,1633,255
00000173707,00000003104,0,1851,293
00000173722,00000103704,0,2223,370
00000173733,00000003104,0,2187,363
00000173766,00000103704,0,2191,361
00000173777,00000003104,0,2140,353
00000170406,00000041704,0,1519,241
00000170407,00000003104,0,1737,279
00000170412,00000103712,0,1954,318
00000170422,00000103712,0,2046,335
00000170432,00000003112,0,1638,267
00000170455,00000103704,0,2208,365
00000170462,00000003112,0,2038,331
00000170472,00000103712,0,1621,264
00000170500,00000003104,0,1939,313
00000170506,00000103704,0,1740,280
00000170506,00000041104,0,1540,243
00000170511,00000103704,0,1904,313
00000170512,00000104106,0,2172,362
00000170527,00000146706,0,2038,337
00000170542,00000103712,0,1845,305
00000170544,00000103704,0,2023,336
00000170552,00000103712,0,1665,271
00000170555,00000003104,0,1987,329
00000170567,00000103712,0,1840,302
00000170572,00000003112,0,1642,266
00000170577,00000103712,0,1645,267
00000170606,00000041704,0,1567,247
00000170607,00000003104,0,1785,285
00000170612,00000103712,0,1777,291
00000170622,00000003104,0,2335,391
00000170652,00000003112,0,1686,273
00000170655,00000003104,0,2358,395
00000170677,00000103704,0,2460,410
00000170677,00000003112,0,1666,269
00000170706,00000041704,0,1591,250
00000170707,00000003104,0,1809,288
00000170712,00000103712,0,1801,294
00000170722,00000003104,0,2359,394
00000170752,00000003112,0,1710,276
00000170755,00000003104,0,2382,398
00000170777,00000103704,0,2484,413
00000170777,00000003112,0,1690,272
