opcode,ack_wait_clocks,core_clocks,memory_beats
170100,0,1035,179
170104,0,1035,179
170110,0,1053,185
170111,0,1194,212
170114,0,1053,185
170115,0,1194,212
170117,0,1053,185
170122,0,1162,208
170123,0,1277,229
170126,0,1162,208
170130,0,1183,212
170131,0,1183,212
170132,0,1183,212
170133,0,1183,212
170134,0,1183,212
170135,0,1183,212
170136,0,1183,212
170142,0,1162,208
170143,0,1277,229
170146,0,1162,208
170150,0,1183,212
170151,0,1183,212
170152,0,1183,212
170153,0,1183,212
170154,0,1183,212
170155,0,1183,212
170156,0,1183,212
170160,0,1133,199
170161,0,1133,199
170162,0,1133,199
170163,0,1133,199
170164,0,1133,199
170165,0,1133,199
170166,0,1133,199
170167,0,1274,226
170170,0,1252,223
170171,0,1139,202
170174,0,1252,223
170175,0,1139,202
170202,0,1067,181
170206,0,1067,181
170212,0,1107,190
170213,0,1273,223
170216,0,1107,190
170220,0,1216,213
170221,0,1356,240
170224,0,1216,213
170225,0,1356,240
170227,0,1169,203
170240,0,1216,213
170241,0,1356,240
170244,0,1216,213
170245,0,1356,240
170247,0,1169,203
170272,0,1274,226
170273,0,1193,207
170277,0,1274,226
170300,0,1181,197
170304,0,1181,197
170310,0,1260,213
170311,0,1260,213
170312,0,1260,213
170313,0,1260,213
170314,0,1260,213
170315,0,1260,213
170316,0,1260,213
170330,0,1388,243
170331,0,1390,240
170334,0,1388,243
170335,0,1390,240
170347,0,1322,226
170350,0,1388,243
170351,0,1390,240
170354,0,1388,243
170355,0,1390,240
170361,0,1467,253
170362,0,1340,227
170365,0,1467,253
170366,0,1340,227
170367,0,1340,227
170371,0,1370,239
170373,0,1370,239
170375,0,1370,239
170000,0,750,135
170012,0,781,138
