opcode,initial_fps,core_clocks,memory_beats,entry_to_handler_clocks,start_fetch_to_return_clocks
170000,000000,8590,135,316,177
170001,000000,8208,129,316,177
170002,000000,8400,132,316,177
170011,000000,8592,135,316,177
170012,000000,8784,138,316,177
170100,000000,11755,185,316,177
170101,000000,11755,185,316,177
170102,000000,11755,185,316,177
170103,000000,11755,185,316,177
170104,000000,11755,185,316,177
170105,000000,11755,185,316,177
170106,000000,11755,185,316,177
170107,000000,11755,185,316,177
170200,000000,11893,187,316,177
170201,000000,11893,187,316,177
170202,000000,11893,187,316,177
170203,000000,11893,187,316,177
170204,000000,11893,187,316,177
170205,000000,11893,187,316,177
170206,000000,11893,187,316,177
170300,000000,12970,204,316,177
170112,000000,12422,196,316,177
170122,000000,13869,219,316,177
170132,000000,14116,223,316,177
170142,000000,13869,219,316,177
170152,000000,14116,223,316,177
170162,000000,13303,210,316,177
170172,000000,13479,213,316,177
170212,000000,12751,201,316,177
170222,000000,14198,224,316,177
170232,000000,14445,228,316,177
170242,000000,14198,224,316,177
170252,000000,14445,228,316,177
170262,000000,13632,215,316,177
170272,000000,13808,218,316,177
170312,000000,14272,225,316,177
170322,000000,15719,248,316,177
170332,000000,15966,252,316,177
170342,000000,15719,248,316,177
170352,000000,15966,252,316,177
170362,000000,15153,239,316,177
170372,000000,15329,242,316,177
172605,000000,17662,278,316,177
172612,000000,21235,335,316,177
172622,000000,22682,358,316,177
172632,000000,22929,362,316,177
172642,000000,22999,363,316,177
172652,000000,22929,362,316,177
172662,000000,22116,349,316,177
172672,000000,22609,357,316,177
172627,000000,21865,345,316,177
174205,000000,16845,265,316,177
174212,000000,17566,277,316,177
174222,000000,19013,300,316,177
174232,000000,19260,304,316,177
174242,000000,19013,300,316,177
174252,000000,19260,304,316,177
174262,000000,18447,291,316,177
174272,000000,18623,294,316,177
174227,000000,18067,285,316,177
172605,000200,18120,285,316,177
172612,000200,22452,354,316,177
172622,000200,23899,377,316,177
172632,000200,24146,381,316,177
172642,000200,24216,382,316,177
172652,000200,24146,381,316,177
172662,000200,23333,368,316,177
172672,000200,23509,371,316,177
172627,000200,22446,354,316,177
174205,000200,17303,272,316,177
174212,000200,18519,292,316,177
174222,000200,19966,315,316,177
174232,000200,20213,319,316,177
174242,000200,19966,315,316,177
174252,000200,20213,319,316,177
174262,000200,19400,306,316,177
174272,000200,19576,309,316,177
174227,000200,18126,286,316,177
170405,000000,20968,331,316,177
170412,000000,21017,332,316,177
170422,000000,22464,355,316,177
170432,000000,22711,359,316,177
170442,000000,22464,355,316,177
170452,000000,22711,359,316,177
170462,000000,21898,346,316,177
170472,000000,22074,349,316,177
170427,000000,21518,340,316,177
170505,000000,20413,322,316,177
170512,000000,19386,306,316,177
170522,000000,20833,329,316,177
170532,000000,21080,333,316,177
170542,000000,21150,334,316,177
170552,000000,21080,333,316,177
170562,000000,20267,320,316,177
170572,000000,20760,328,316,177
170527,000000,20016,316,316,177
170605,000000,24266,383,316,177
170612,000000,23545,372,316,177
170622,000000,24992,395,316,177
170632,000000,25239,399,316,177
170642,000000,25873,409,316,177
170652,000000,25239,399,316,177
170662,000000,24426,386,316,177
170672,000000,25483,403,316,177
170627,000000,23728,375,316,177
170705,000000,24458,386,316,177
170712,000000,24055,380,316,177
170722,000000,25502,403,316,177
170732,000000,25749,407,316,177
170742,000000,26065,412,316,177
170752,000000,25749,407,316,177
170762,000000,24936,394,316,177
170772,000000,25675,406,316,177
170727,000000,24238,383,316,177
173605,000000,23182,366,316,177
173612,000000,21271,336,316,177
173622,000000,22718,359,316,177
173632,000000,22965,363,316,177
173642,000000,23919,378,316,177
173652,000000,22965,363,316,177
173662,000000,22152,350,316,177
173672,000000,23529,372,316,177
173627,000000,22703,359,316,177
170405,000200,21549,340,316,177
170412,000200,21970,347,316,177
170422,000200,23417,370,316,177
170432,000200,23664,374,316,177
170442,000200,23417,370,316,177
170452,000200,23664,374,316,177
170462,000200,22851,361,316,177
170472,000200,23027,364,316,177
170427,000200,21577,341,316,177
170505,000200,20994,331,316,177
170512,000200,20081,317,316,177
170522,000200,21528,340,316,177
170532,000200,21775,344,316,177
170542,000200,21845,345,316,177
170552,000200,21775,344,316,177
170562,000200,20962,331,316,177
170572,000200,21455,339,316,177
170527,000200,20075,317,316,177
170605,000200,25369,400,316,177
170612,000200,25134,397,316,177
170622,000200,26581,420,316,177
170632,000200,26828,424,316,177
170642,000200,27462,434,316,177
170652,000200,26828,424,316,177
170662,000200,26015,411,316,177
170672,000200,27072,428,316,177
170627,000200,23787,376,316,177
170705,000200,25561,403,316,177
170712,000200,25644,405,316,177
170722,000200,27091,428,316,177
170732,000200,27338,432,316,177
170742,000200,27654,437,316,177
170752,000200,27338,432,316,177
170762,000200,26525,419,316,177
170772,000200,27264,431,316,177
170727,000200,24297,384,316,177
173605,000200,23763,375,316,177
173612,000200,21966,347,316,177
173622,000200,23413,370,316,177
173632,000200,23660,374,316,177
173642,000200,24614,389,316,177
173652,000200,23660,374,316,177
173662,000200,22847,361,316,177
173672,000200,24224,383,316,177
173627,000200,23508,372,316,177
172205,000000,65805,1048,316,177
172212,000000,115472,1849,316,177
172222,000000,116919,1872,316,177
172232,000000,126070,2020,316,177
172242,000000,52710,837,316,177
172252,000000,126070,2020,316,177
172262,000000,125257,2007,316,177
172272,000000,52320,831,316,177
172227,000000,64403,1026,316,177
173205,000000,53463,849,316,177
173212,000000,123122,1972,316,177
173222,000000,124569,1995,316,177
173232,000000,133720,2143,316,177
173242,000000,53334,847,316,177
173252,000000,133720,2143,316,177
173262,000000,132907,2130,316,177
173272,000000,52944,841,316,177
173227,000000,67953,1083,316,177
172205,000200,68438,1089,316,177
172212,000200,118965,1904,316,177
172222,000200,120412,1927,316,177
172232,000200,128199,2053,316,177
172242,000200,54839,870,316,177
172252,000200,128199,2053,316,177
172262,000200,127386,2040,316,177
172272,000200,54449,864,316,177
172227,000200,65896,1049,316,177
173205,000200,55478,880,316,177
173212,000200,124197,1988,316,177
173222,000200,125644,2011,316,177
173232,000200,133431,2137,316,177
173242,000200,55463,880,316,177
173252,000200,133431,2137,316,177
173262,000200,132618,2124,316,177
173272,000200,55073,874,316,177
173227,000200,69446,1106,316,177
171205,000000,152077,2440,316,177
171212,000000,139109,2232,316,177
171222,000000,140556,2255,316,177
171232,000000,140803,2259,316,177
171242,000000,145845,2340,316,177
171252,000000,140803,2259,316,177
171262,000000,139990,2246,316,177
171272,000000,140166,2249,316,177
171227,000000,139739,2242,316,177
174605,000000,153362,2450,316,177
174612,000000,166652,2663,316,177
174622,000000,168099,2686,316,177
174632,000000,168346,2690,316,177
174642,000000,186533,2981,316,177
174652,000000,168346,2690,316,177
174662,000000,167533,2677,316,177
174672,000000,167709,2680,316,177
174627,000000,167282,2673,316,177
171205,000200,270358,4349,316,177
171212,000200,221216,3559,316,177
171222,000200,222663,3582,316,177
171232,000200,222910,3586,316,177
171242,000200,233475,3756,316,177
171252,000200,222910,3586,316,177
171262,000200,222097,3573,316,177
171272,000200,222273,3576,316,177
171227,000200,221210,3559,316,177
174605,000200,242925,3885,316,177
174612,000200,288329,4612,316,177
174622,000200,289776,4635,316,177
174632,000200,290023,4639,316,177
174642,000200,295949,4734,316,177
174652,000200,290023,4639,316,177
174662,000200,289210,4626,316,177
174672,000200,289386,4629,316,177
174627,000200,288323,4612,316,177
171605,000000,197367,3166,316,177
171612,000000,143758,2305,316,177
171622,000000,145205,2328,316,177
171632,000000,145452,2332,316,177
171642,000000,187300,3004,316,177
171652,000000,145452,2332,316,177
171662,000000,144639,2319,316,177
171672,000000,184032,2952,316,177
171627,000000,183605,2945,316,177
171605,000200,315491,5072,316,177
171612,000200,380794,6132,316,177
171622,000200,382241,6155,316,177
171632,000200,228209,3669,316,177
171642,000200,277991,4469,316,177
171652,000200,228209,3669,316,177
171662,000200,227396,3656,316,177
171672,000200,266789,4289,316,177
171627,000200,265726,4272,316,177
170207,046000,11893,187,316,177
